,col_1,col_1,col_1,col_2,col_2,col_2,col_3,col_3,col_3,col_4,col_4,col_4,col_5,col_5,col_5,col_6,col_6,col_6
,mean,median,count,mean,median,count,mean,median,count,mean,median,count,mean,median,count,mean,median,count
cluster,,,,,,,,,,,,,,,,,,
1,53.49539631705364,53.0,4996,4.961168935148119,5.0,4996,6.025520416333066,6.0,4996,59.37690152121697,59.0,4996,24.54783827061649,24.0,4996,19986.311449159326,19754.0,4996
0,496.8218042071197,498.0,4944,12631.368932038835,12648.0,4944,1006.6211569579287,1006.0,4944,253.00080906148867,253.0,4944,11.444377022653722,11.0,4944,5.421521035598706,5.0,4944
3,1.816112875817024e+51,244571.0,861,774.3449477351917,50.0,861,90.35447154471544,45.0,861,8.860743321718932,8.5,861,72.35191637630662,75.0,861,731.31475029036,724.0,861
2,2.777779916666667e+287,3.00000025e+82,36,45.388888888888886,49.0,36,42.80555555555556,44.5,36,8.608333333333333,8.5,36,79.38888888888889,74.0,36,877.3888888888889,875.5,36
